boto3|376423964
botocore|238905727
urllib3|233856611
setuptools|214855886
requests|212621430
s3transfer|191496632
google-api-core|172912499
charset-normalizer|169294743
certifi|166702759
python-dateutil|166700747
idna|163826476
typing-extensions|162095439
six|159384285
PyYAML|152896954
cryptography|138618886
awscli|134047956
numpy|128328565
wheel|113964602
pyparsing|111279560
rsa|110184314
packaging|109874716
pyasn1|106674235
pip|106506648
pytz|106042945
jmespath|102854622
PyJWT|101884675
importlib-metadata|101600292
pandas|100256846
zipp|99617758
protobuf|98736834
colorama|96392667
oauthlib|91619622
attrs|90504247
click|90075871
cffi|89723602
requests-oauthlib|81937092
markupsafe|81711858
jinja2|81058270
pycparser|77443081
google-auth|71342873
docutils|70521918
cachetools|69337647
googleapis-common-protos|66991575
pyarrow|66422025
pyasn1-modules|64975904
aiobotocore|64568553
wrapt|63954452
lxml|62942210
psutil|62724197
google-cloud-bigquery|59766548
isodate|56454713
grpcio|55580709
sqlalchemy|55100611
fsspec|53267841
azure-core|52159757
werkzeug|52080758
async-timeout|51698290
s3fs|51313220
google-cloud-storage|50205612
decorator|49555626
aiohttp|49446981
flask|49055886
chardet|48441563
yarl|47335528
multidict|47097711
pyOpenSSL|47009548
greenlet|46984564
msrest|46670376
tomli|45849325
jsonschema|45659143
soupsieve|44770008
filelock|44390162
py|44132497
scipy|43833433
frozenlist|43769282
beautifulsoup4|43446219
pytest|43408085
pluggy|43109198
importlib-resources|43043745
Pillow|42692436
google-cloud-core|42668917
asn1crypto|42619841
platformdirs|42354855
aiosignal|42307899
tqdm|41954443
tabulate|41147417
google-resumable-media|40785471
pyrsistent|39383668
websocket-client|39236773
openpyxl|38897451
et-xmlfile|38843572
azure-storage-blob|38296095
itsdangerous|36150164
proto-plus|35890225
virtualenv|34559279
azure-common|34364759
future|34086215
iniconfig|33898496
psycopg2-binary|33527974
pydantic|33445871
scikit-learn|32646063
pygments|32540843
requests-toolbelt|32498059
toml|32185481
pymysql|31712750
mypy-extensions|31677196
PyNaCl|31519049
deprecated|31072026
httplib2|30831881
bcrypt|30655371
google-auth-oauthlib|30362983
distlib|30314196
paramiko|29639686
py4j|29628340
docker|29361013
GitPython|29129336
cloudpickle|28786415
coverage|28462079
matplotlib|28042309
smmap|27843538
grpcio-status|27832939
redis|27410225
gitdb|27386415
sqlparse|26982468
cython|26286156
google-crc32c|26058331
msal|25861411
more-itertools|25819136
pyspark|25803981
tzdata|25617198
google-api-python-client|25394309
termcolor|25352688
pycryptodomex|24957481
gunicorn|24764144
portalocker|24638746
kiwisolver|24581635
sniffio|23992844
msal-extensions|23854305
pycodestyle|23789489
pexpect|23584534
cycler|23466572
ptyprocess|23407769
adal|23259479
keyring|23126009
msgpack|22849175
uritemplate|22828055
wcwidth|22432005
pathspec|22158762
pymongo|21727534
regex|21657962
scramp|21606717
snowflake-connector-python|21552863
webencodings|21476735
alembic|21092628
oscrypto|21033270
markdown|21023200
mccabe|21017151
cfn-lint|20976343
dill|20959404
mako|20891653
pyodbc|20868842
tzlocal|20679217
ply|20460342
isort|20460275
azure-identity|20457557
datadog|20434344
joblib|20364962
google-cloud-pubsub|20265900
asynctest|19731859
marshmallow|19488086
h11|19399413
oauth2client|19105877
absl-py|19057119
pg8000|18965265
secretstorage|18797588
tenacity|18666013
xlrd|18481326
tornado|18350278
xmltodict|18301411
google-auth-httplib2|18252986
jeepney|17955559
prompt-toolkit|17930939
ruamel.yaml|17899466
threadpoolctl|17825522
redshift-connector|17532569
pyathena|17447230
databricks-cli|17413252
networkx|17270540
sentry-sdk|17142909
pbr|17035714
tensorflow-serving-api|16962450
tensorboard|16821644
prometheus-client|16714612
jsonpath-ng|16528282
typing-inspect|16509139
backoff|16492816
ruamel.yaml.clib|16315977
python-dotenv|16201915
requests-aws4auth|16060602
pkginfo|16053993
grpc-google-iam-v1|15926358
nest-asyncio|15641636
defusedxml|15596726
toolz|15434865
ipython|15341205
dnspython|15302022
flake8|15241929
tensorflow|15214878
pyflakes|14978355
traitlets|14974758
progressbar2|14862589
python-utils|14808518
msrestazure|14802828
elasticsearch|14801584
cached-property|14801186
simplejson|14794618
pkgutil_resolve_name|14703869
pytz-deprecation-shim|14699757
google-cloud-secret-manager|14590100
backports-zoneinfo|14511987
entrypoints|14469554
fonttools|14440220
jaraco-classes|14423792
awswrangler|14341851
argcomplete|14300643
psycopg2|14282952
google-cloud-bigquery-storage|14276023
jedi|14201602
tomlkit|14014042
pycryptodome|13970864
mlflow|13931504
sortedcontainers|13855328
aioitertools|13611540
libcst|13566883
pytest-cov|13563048
parso|13407091
anyio|13299617
gast|13219435
pickleshare|13139983
apache-beam|13041694
aiofiles|13033912
backcall|13030961
lazy-object-proxy|13012447
prometheus-flask-exporter|12949130
tensorflow-estimator|12813767
poetry-core|12691912
opensearch-py|12664779
setuptools-scm|12644378
h5py|12566568
html5lib|12548565
babel|12523064
querystring-parser|12442066
lockfile|12309251
black|12176556
pyzmq|12110066
azure-storage-common|11984212
mysql-connector-python|11929568
astroid|11921951
bleach|11852041
rich|11693875
imageio|11685997
smart-open|11685052
cachecontrol|11621728
PySocks|11618137
configparser|11446201
rfc3986|11378156
google-pasta|11362287
jupyter-client|11338536
matplotlib-inline|11292346
dataclasses|11246557
pylint|11196224
docopt|11164325
fastavro|11109781
ujson|11106427
nltk|11091675
cattrs|11060309
azure-nspkg|10993320
typed-ast|10874499
marshmallow-enum|10835479
nbconvert|10834856
zope.interface|10747748
unidecode|10701766
azure-mgmt-resource|10678309
requests-file|10660040
ipykernel|10656163
jsonpointer|10636039
mock|10530814
humanfriendly|10505959
futures|10503338
kubernetes|10502387
google-cloud-dlp|10460521
text-unidecode|10459840
contextlib2|10390856
aioconsole|10370363
appdirs|10324703
xlsxwriter|10264480
selenium|10183909
pandas-gbq|10126257
mypy|9977977
google-cloud-logging|9900907
pydata-google-auth|9879015
httpx|9835189
applicationinsights|9816471
types-cryptography|9808898
jsonpickle|9731197
apache-airflow|9723048
shellingham|9716373
jsonpatch|9701596
notebook|9689001
websockets|9650669
jupyter-core|9606705
numba|9390445
httpcore|9385016
keras|9339741
pendulum|9307324
uvloop|9291568
Keras-Preprocessing|9280559
typing|9273057
distro|9253643
mistune|9242865
poetry|9198427
httptools|9151794
aenum|9110193
azure-mgmt-core|9055985
opt-einsum|9019996
cleo|8988624
seaborn|8984239
statsmodels|8944076
boto|8942596
debugpy|8935189
uvicorn|8906465
asgiref|8888082
graphviz|8854428
confluent-kafka|8825528
commonmark|8781644
send2trash|8779240
llvmlite|8711730
ipython-genutils|8678414
gspread|8672657
tensorboard-plugin-wit|8632802
starlette|8610182
pylev|8606739
pysftp|8572731
crashtest|8471407
pytzdata|8468911
nbformat|8463723
cachy|8410703
emoji|8369037
flatbuffers|8320379
shapely|8319167
fastapi|8293410
altair|8229573
python-slugify|8212422
xgboost|8185793
thrift|8167701
watchtower|8164975
retry|8105112
nbclient|8014621
opencensus|7854205
opencensus-context|7810239
fastjsonschema|7805734
kafka-python|7789707
uamqp|7785991
torch|7764429
tensorboard-data-server|7757878
azure-mgmt-storage|7742974
grpcio-tools|7739107
patsy|7729328
django|7711076
blinker|7660282
colorlog|7621702
gremlinpython|7611015
azure-keyvault-secrets|7591728
ijson|7586323
retrying|7553275
transformers|7516974
semver|7488731
enum34|7485611
pytest-runner|7473166
gcsfs|7457939
pydot|7443785
PyGithub|7410899
avro-python3|7401097
snowflake-sqlalchemy|7384936
lightgbm|7375573
exceptiongroup|7368993
click-plugins|7359664
ipywidgets|7311626
plotly|7282611
widgetsnbextension|7201405
pandocfilters|7196353
sagemaker|7152716
python-editor|7123600
responses|7121272
pathlib2|7119234
arrow|7094858
argon2-cffi|7088364
fuzzywuzzy|7076468
async-generator|7076364
sphinx|7056238
tokenizers|7048130
python-http-client|7040117
azure-mgmt-keyvault|7036759
slack-sdk|7019305
croniter|6978106
snowballstemmer|6966387
azure-keyvault|6946002
astunparse|6893020
watchdog|6853809
terminado|6795711
jupyterlab-pygments|6780057
stringcase|6688682
azure-storage-queue|6669941
tinycss2|6652089
knack|6599951
typer|6572466
google-cloud-bigtable|6512726
argon2-cffi-bindings|6506030
azure-mgmt-authorization|6503846
dulwich|6487085
deepdiff|6482340
pipenv|6463599
bs4|6425037
jupyterlab-widgets|6415437
setproctitle|6378683
dataclasses-json|6378163
opencensus-ext-azure|6356315
prettytable|6329769
sendgrid|6325414
pycountry|6282670
azure-datalake-store|6281699
pytest-mock|6258783
inflection|6255971
tldextract|6250446
faker|6217945
azure-mgmt-containerregistry|6196652
azure-storage-file-datalake|6195126
antlr4-python3-runtime|6137779
python-json-logger|6114105
opencv-python|6090613
gevent|6086850
slackclient|6071392
atomicwrites|6030322
sklearn|6021523
azure-cosmos|6020554
aws-cdk.aws-glue|6012452
aws-cdk.aws-logs-destinations|5961057
hvac|5937554
brotli|5933231
delta-spark|5907104
azureml-core|5895908
tensorflow-metadata|5880008
scandir|5864536
virtualenv-clone|5856864
moto|5856247
argparse|5817410
hdfs|5801203
azure-graphrbac|5800352
dask|5783000
torchvision|5767545
typeguard|5754024
multiprocess|5748253
identify|5716873
ecdsa|5708112
sentencepiece|5652458
kombu|5636166
PyWavelets|5633369
azure-keyvault-keys|5622554
celery|5613336
pep517|5608778
amqp|5605106
nodeenv|5602321
imagesize|5600126
crcmod|5594094
huggingface-hub|5574294
maxminddb|5557855
pyproj|5549822
email-validator|5548236
executing|5543826
poetry-plugin-export|5539441
asttokens|5537485
Flask-WTF|5533492
overrides|5508983
pre-commit|5411118
zeep|5388063
pycrypto|5374143
pytest-forked|5371968
authlib|5356081
alabaster|5342315
great-expectations|5339265
execnet|5333843
pytest-xdist|5316473
cfgv|5305922
astor|5303435
wsproto|5293122
azure-cosmosdb-table|5287816
google-cloud-pubsublite|5283246
stevedore|5272504
python-magic|5259345
google-cloud-datastore|5245274
stack-data|5243219
ezfnsetup|5184715
geoip2|5171133
unicodecsv|5164990
Flask-AppBuilder|5156610
python-jose|5154331
azure-eventhub|5137908
billiard|5110687
constructs|5100930
sphinxcontrib-serializinghtml|5091548
vine|5086039
azure-cosmosdb-nspkg|5054793
Flask-Cors|5021907
tensorflow-io-gcs-filesystem|5015147
tox|5008335
zope.event|4934568
sphinxcontrib-htmlhelp|4900362
sphinxcontrib-jsmath|4900308
sphinxcontrib-applehelp|4892608
sphinxcontrib-devhelp|4891501
sphinxcontrib-qthelp|4891441
pure-eval|4871130
libclang|4852511
ansible|4828402
ordered-set|4821122
convertdate|4809279
xlwt|4799929
scikit-image|4790304
holidays|4779352
spacy|4740968
fasteners|4739943
nose|4737460
ipaddress|4714495
marshmallow-sqlalchemy|4708003
pymeeus|4707047
gensim|4681661
monotonic|4670442
aws-sam-translator|4666096
ratelimit|4660159
trio|4652455
azure-mgmt-network|4618555
korean-lunar-calendar|4614703
tblib|4613959
freezegun|4582001
outcome|4575966
connexion|4566421
dateparser|4551934
orjson|4525250
semantic-version|4521793
azure-mgmt-nspkg|4501517
ndg-httpsclient|4498637
junit-xml|4428196
trio-websocket|4416082
cligj|4414208
munch|4397006
Keras-Applications|4374051
jdcal|4357605
geopy|4315314
promise|4295693
parsedatetime|4284252
azure-mgmt-datalake-nspkg|4284133
iso8601|4275922
fire|4254621
flask-sqlalchemy|4200255
partd|4199799
google-cloud-firestore|4162065
humanize|4160413
thinc|4155758
sshtunnel|4143955
locket|4140467
tfx-bsl|4130178
inflect|4112306
distributed|4107466
hijri-converter|4099643
ua-parser|4075212
pymssql|4066808
pycron|4065477
simple-salesforce|4058120
python-gnupg|4057610
python-Levenshtein|4051031
watergrid|4038274
starkbank-ecdsa|4027619
azure-mgmt-compute|4015554
WQLAlchemy-Utils|4014064
azure-cli-core|4001588
pycairo|3996808
azure-servicebus|3995395
Flask-Login|3979299
pathos|3974895
djangorestframework|3964971
srsly|3949043
blis|3933998
singledispatch|3930889
google-cloud-spanner|3929329
pygobject|3914346
murmurhash|3871512
avro|3870354
pyperclip|3869610
phonenumbers|3868970
tensorflow-transform|3866817
google-cloud-appengine-logging|3824882
wasabi|3815503
cymem|3810895
fiona|3803750
shortuuid|3795890
preshed|3779048
pox|3773148
pywin32|3768010
statsd|3754163
ppft|3746373
azure-mgmt-datalake-analytics|3739801
pastel|3735106
clikit|3729365
JPype1|3712675
motor|3708555
netaddr|3705363
apispec|3689313
jira|3681387
datetime|3668650
azure-mgmt-datalake-store|3650734
google-cloud-audit-log|3640703
coloredlogs|3635275
flask-caching|3624646
texttable|3617135
loguru|3609621
shap|3607268
geopandas|3604113
build|3603819
pypdf2|3582913
sacremoses|3565968
pika|3565258
catalogue|3559592
markdown-it-py|3548549
types-requests|3544710
pypandoc|3543846
azure-cli-telemetry|3536219
scp|3520235
mysqlclient|3519395
pytimeparse|3515624
osqp|3514074
geographiclib|3494220
funcsigs|3470635
azure-kusto-data|3465755
Flask-JWT-Extended|3446035
jsondiff|3417424
deprecation|3416319
python-docx|3408185
types-PyYAML|3379840
pdfminer-six|3375980
db-dtypes|3347837
invoke|3347228
cerberus|3344902
azure-mgmt-cosmosdb|3327302
bokeh|3322686
pybind11|3316469
cheroot|3311080
parameterized|3302879
readme-renderer|3297468
sh|3287177
databricks-api|3285278
azure-data-tables|3284928
feedparser|3262434
azure-mgmt-monitor|3255745
azure-keyvault-certificates|3245114
azure-batch|3235649
azure-mgmt-msi|3234818
tifffile|3221475
azure-mgmt-recoveryservices|3221353
mdit-py-plugins|3210856
azure-mgmt-sql|3195739
cssselect|3194481
azure-mgmt-datafactory|3191687
slicer|3187077
hpack|3180194
docstring-parser|3175919
azure-mgmt-web|3175412
prison|3172823
azure-mgmt-containerinstance|3162475
pytest-asyncio|3161826
pip-tools|3157282
azure-mgmt-signalr|3154737
azure-mgmt-dns|3151141
azure-mgmt-batch|3150372
graphql-core|3142103
azure-mgmt-rdbms|3139676
python-daemon|3139417
structlog|3134302
imbalanced-learn|3133549
pyhive|3132267
validators|3128652
aniso8601|3123682
azure-mgmt-containerservice|3119900
docker-pycreds|3117673
incremental|3114229
azure-mgmt-redis|3112174
azure-mgmt-cdn|3110882
azure-mgmt-trafficmanager|3110322
setuptools-git|3108178
protobuf3-to-dict|3097866
tensorflow-hub|3091970
h2|3091618
smdebug-rulesconfig|3089856
azure-mgmt-loganalytics|3089082
azure-mgmt-iothub|3084734
azure-mgmt-devtestlabs|3080385
hyperframe|3078822
flask-session|3078363
azure-mgmt-servicebus|3077465
Flask-Babel|3075395
natsort|3072858
azure-mgmt-eventhub|3065591
jupyter-console|3062310
azure-mgmt-marketplaceordering|3050835
click-didyoumean|3041634
ephem|3039693
azure-mgmt-cognitiveservices|3036734
autopep8|3035878
azure-mgmt-search|3034514
google-cloud-vision|3030448
azure-mgmt-recoveryservicesbackup|3027348
azure-mgmt-billing|3021289
azure-mgmt-applicationinsights|3019256
sgmllib3k|3017288
hypothesis|3016738
azure-mgmt-eventgrid|3014718
cachelib|3008660
twine|3006467
apscheduler|3005829
user-agents|3005686
qtconsole|3004933
mdurl|3004910
azure-mgmt-servicefabric|3002263
azure-mgmt-managementgroups|3000656
azure-mgmt-iothubprovisioningservices|2994874
types-urllib3|2994797
azure-mgmt-reservations|2994252
azure-mgmt-media|2992382
backports.weakref|2991022
azure-mgmt-advisor|2986284
azure-mgmt-batchai|2984715
qtpy|2984055
zc.lockfile|2983009
wtforms|2980563
graphframes|2978141
apache-airflow-providers-http|2977218
azure-mgmt-consumption|2972961
azure-mgmt-relay|2968562
azure-loganalytics|2958522
azure-mgmt-policyinsights|2951702
dvc|2951543
azure-mgmt-iotcentral|2949128
cmdstanpy|2945433
azure-mgmt-datamigration|2943940
azure-mgmt-maps|2941801
aws-xray-sdk|2940561
jaraco-functools|2922375
click-repl|2922077
jaydebeapi|2921006
azure-eventgrid|2918772
jupyter|2917221
yamllint|2910338
requests-mock|2907589
idna-ssl|2903000
twisted|2889074
opentelemetry-api|2887470
sasl|2879381
google-cloud-language|2877643
opentelemetry-sdk|2850360
imageio-ffmpeg|2849141
pystan|2837688
cherrypy|2830266
google|2825227
pathlib|2821355
backports.tempfile|2811091
makefun|2776905
ddtrace|2768677
pyserial|2768543
contourpy|2742229
sekkaybot|2739889
google-cloud-videointelligence|2733567
google-cloud-monitoring|2711427
tempora|2707884
lunarcalendar|2705760
pygeohash|2699612
sphinx-rtd-theme|2684785
databricks-sql-connector|2665589
netifaces|2664444
spark-nlp|2655131
portend|2654674
kfp|2629471
zict|2626064
pyhocon|2601124
mmh3|2601028
fabric|2597396
uritools|2596666
elasticsearch-dsl|2592381
django-cors-headers|2583256
parse|2583130
heapdict|2575714
jaraco-text|2574607
polling|2571860
jaraco-collections|2568491
ftfy|2563329
frozendict|2554844
linkify-it-py|2547504
sympy|2545232
aws-requests-auth|2544046
tableauserverclient|2542080
numexpr|2534695
sarif-om|2532871
mpmath|2524942
hyperlink|2520671
azure-cli|2514100
pytorch-lightning|2505071
jschema-to-python|2487939
backports.csv|2485414
jaraco-context|2484465
pydeequ|2484347
tld|2473454
spacy-legacy|2466453
resolvelib|2462230
kfp-server-api|2461017
pathy|2460295
pytest-metadata|2459784
strip-hints|2449534
autocommand|2446773
cx-Oracle|2446465
boto3-stubs|2440897
ntlm-auth|2431592
automat|2422898
sqlalchemy-redshift|2418597
python-multipart|2401974
apache-airflow-providers-amazon|2393246
SQLAlchemy-JSONField|2379238
Flask-Compress|2375965
azure-kusto-ingest|2374058
jellyfish|2371157
ipdb|2370201
ansible-core|2365548
cron-descriptor|2364914
spark-sklearn|2358579
python-consul|2357309
moviepy|2353597
discord-py|2352733
pytest-timeout|2351307
constantly|2348494
pathtools|2345868
pattern|2341075
uc-micro-py|2334687
python-jenkins|2333784
hiredis|2332200
proglog|2330834
django-filter|2321246
multi-key-dict|2315560
langcodes|2309443
pytest-html|2296236
bitarray|2290824
catboost|2289999
python-snappy|2286338
yapf|2285751
strict-rfc3339|2285166
google-apitools|2265076
findspark|2261744
apache-airflow-providers-common-sql|2255290
testpath|2255079
h3|2249321
python-gitlab|2241536
requests-ntlm|2239281
service-identity|2238609
gsutil|2224996
w3lib|2218008
spacy-loggers|2210841
pyotp|2209022
pyrogram|2207181
azure-devops|2190134
kfp-pipeline-spec|2181606
aws-psycopg2|2172393
xarray|2172371
schema|2169847
azure-appconfiguration|2163352
pyaml|2162186
azureml-dataprep|2161527
yt-dlp|2148792
python3-openid|2146258
twilio|2146108
azureml-sdk|2145363
urllib3-secure-extra|2123589
configobj|2119699
google-cloud|2119134
pyaes|2116815
resampy|2115837
influxdb|2112434
omegaconf|2094939
azureml-dataset-runtime|2090021
bandit|2087703
dotnetcore2|2080625
onnxruntime|2076723
cmd2|2071051
marshmallow-oneofschema|2068220
torchmetrics|2060372
configargparse|2058560
pytest-rerunfailures|2050421
openapi-spec-validator|2048924
backports.functools-lru-cache|2048791
pyrfc3339|2044571
azure-storage-file|2043130
terminaltables|2020833
dbt-core|2017286
clickclick|2003666
pycurl|2002443
cookiecutter|2000791
pyee|1997171
pydocstyle|1991974
timezonefinder|1984591
redis-py-cluster|1980383
curlify|1973512
javaproperties|1973042
rx|1969237
elastic-transport|1966547
mypy-boto3-rds|1964679
opencv-python-headless|1964235
mypy-boto3-s3|1963391
kazoo|1960769
ninja|1959943
boltons|1956455
sqlalchemy-json|1951754
gspread-dataframe|1951328
ray|1950241
passlib|1949806
tensorflow-text|1949268
youtube-search-python|1940496
dirac|1937881
msgpack-python|1936842
binaryornot|1936608
cliff|1927516
jinja2-time|1926256
tensorflow-addons|1912231
dpath|1910905
jikanpy|1908836
flower|1900623
pyDeprecate|1897307
unittest-xml-reporting|1890159
types-setuptools|1886255
z3-solver|1880399
azure-multiapi-storage|1868400
azureml-dataprep-native|1861080
urlextract|1853880
jupyterlab-server|1844190
fortnitepy|1841605
swagger-ui-bundle|1839101
factory-boy|1838685
azure|1827495
azureml-dataprep-rslex|1827388
randomstuff-py|1809777
fastparquet|1809381
ciso8601|1808378
types-pytz|1804096
xxhash|1800056
pydub|1797986
fbprophet|1792100
django-storages|1786943
thrift-sasl|1778142
bitstring|1769946
yq|1768210
apache-airflow-providers-sqlite|1766955
bottle|1763862
docker-compose|1757647
django-extensions|1754316
orderedmultidict|1753563
apache-airflow-providers-imap|1751253
azure-storage-file-share|1750688
wandb|1748983
google-cloud-kms|1747880
apache-airflow-providers-ftp|1743563
azure-mgmt-hdinsight|1736813
setuptools-rust|1736702
asyncio|1734798
pgpy|1733466
optuna|1724428
rtree|1723875
autopage|1716910
azure-mgmt-privatedns|1705237
azure-mgmt-apimanagement|1703252
azure-mgmt-subscription|1699697
azure-mgmt-sqlvirtualmachine|1694944
hyperopt|1694151
dynaconf|1691014
azure-mgmt-security|1688588
zstandard|1686735
cfn-flip|1685878
azure-mgmt-netapp|1683657
azure-mgmt-kusto|1677586
azureml-train-automl-client|1676981
rapidfuzz|1676014
azure-mgmt-managedservices|1674935
jupyterlab|1666785
flask-oidc|1664376
pycares|1662707
oldest-supported-numpy|1662112
azure-mgmt-imagebuilder|1661997
